time,setpoint,measured_position,error,raw_voltage,voltage_command
0.000000,90.000000,0.012451,90.000000,18.451538,12.000000
0.001000,90.000000,0.048920,89.987549,18.451721,12.000000
0.002000,90.000000,0.108017,89.951080,18.446976,12.000000
0.003000,90.000000,0.188446,89.891983,18.437592,12.000000
0.004000,90.000000,0.288986,89.811554,18.423843,12.000000
0.005000,90.000000,0.408478,89.711014,18.405960,12.000000
0.006000,90.000000,0.545837,89.591522,18.384186,12.000000
0.007000,90.000000,0.700027,89.454163,18.358749,12.000000
0.008000,90.000000,0.870087,89.299973,18.329849,12.000000
0.009000,90.000000,1.055099,89.129913,18.297699,12.000000
0.010000,90.000000,1.254211,88.944901,18.262466,12.000000
0.011000,90.000000,1.466599,88.745789,18.224350,12.000000
0.012000,90.000000,1.691513,88.533401,18.183502,12.000000
0.013000,90.000000,1.928223,88.308487,18.140076,12.000000
0.014000,90.000000,2.176056,88.071777,18.094223,12.000000
0.015000,90.000000,2.434372,87.823944,18.046082,12.000000
0.016000,90.000000,2.702560,87.565628,17.995789,12.000000
0.017000,90.000000,2.980072,87.297440,17.943466,12.000000
0.018000,90.000000,3.266357,87.019928,17.889221,12.000000
0.019000,90.000000,3.560913,86.733643,17.833176,12.000000
0.020000,90.000000,3.863251,86.439087,17.775421,12.000000
0.021000,90.000000,4.172943,86.136749,17.716064,12.000000
0.022000,90.000000,4.489563,85.827057,17.655182,12.000000
0.023000,90.000000,4.812698,85.510437,17.592880,12.000000
0.024000,90.000000,5.141983,85.187302,17.529221,12.000000
0.025000,90.000000,5.477066,84.858017,17.464294,12.000000
0.026000,90.000000,5.817612,84.522934,17.398178,12.000000
0.027000,90.000000,6.163315,84.182388,17.330917,12.000000
0.028000,90.000000,6.513870,83.836685,17.262589,12.000000
0.029000,90.000000,6.869003,83.486130,17.193253,12.000000
0.030000,90.000000,7.228439,83.130997,17.122986,12.000000
0.031000,90.000000,7.591949,82.771561,17.051819,12.000000
0.032000,90.000000,7.959274,82.408051,16.979797,12.000000
0.033000,90.000000,8.330215,82.040726,16.906998,12.000000
0.034000,90.000000,8.704559,81.669785,16.833435,12.000000
0.035000,90.000000,9.082108,81.295441,16.759171,12.000000
0.036000,90.000000,9.462677,80.917892,16.684235,12.000000
0.037000,90.000000,9.846100,80.537323,16.608673,12.000000
0.038000,90.000000,10.232208,80.153900,16.532501,12.000000
0.039000,90.000000,10.620834,79.767792,16.455780,12.000000
0.040000,90.000000,11.011856,79.379166,16.378525,12.000000
0.041000,90.000000,11.405121,78.988144,16.300766,12.000000
0.042000,90.000000,11.800507,78.594879,16.222534,12.000000
0.043000,90.000000,12.197876,78.199493,16.143860,12.000000
0.044000,90.000000,12.597137,77.802124,16.064774,12.000000
0.045000,90.000000,12.998169,77.402863,15.985275,12.000000
0.046000,90.000000,13.400864,77.001831,15.905396,12.000000
0.047000,90.000000,13.805145,76.599136,15.825165,12.000000
0.048000,90.000000,14.210907,76.194855,15.744614,12.000000
0.049000,90.000000,14.618073,75.789093,15.663742,12.000000
0.050000,90.000000,15.026550,75.381927,15.582565,12.000000
0.051000,90.000000,15.436264,74.973450,15.501114,12.000000
0.052000,90.000000,15.847153,74.563736,15.419388,12.000000
0.053000,90.000000,16.259155,74.152847,15.337402,12.000000
0.054000,90.000000,16.672195,73.740845,15.255173,12.000000
0.055000,90.000000,17.086212,73.327805,15.172729,12.000000
0.056000,90.000000,17.501160,72.913788,15.090073,12.000000
0.057000,90.000000,17.916977,72.498840,15.007217,12.000000
0.058000,90.000000,18.333603,72.083023,14.924164,12.000000
0.059000,90.000000,18.751007,71.666397,14.840927,12.000000
0.060000,90.000000,19.169144,71.248993,14.757523,12.000000
0.061000,90.000000,19.587967,70.830856,14.673965,12.000000
0.062000,90.000000,20.007431,70.412033,14.590256,12.000000
0.063000,90.000000,20.427505,69.992569,14.506393,12.000000
0.064000,90.000000,20.848160,69.572495,14.422394,12.000000
0.065000,90.000000,21.269363,69.151840,14.338272,12.000000
0.066000,90.000000,21.691071,68.730637,14.254013,12.000000
0.067000,90.000000,22.113266,68.308929,14.169632,12.000000
0.068000,90.000000,22.535919,67.886734,14.085144,12.000000
0.069000,90.000000,22.959000,67.464081,14.000549,12.000000
0.070000,90.000000,23.382477,67.041000,13.915848,12.000000
0.071000,90.000000,23.806335,66.617523,13.831070,12.000000
0.072000,90.000000,24.230545,66.193665,13.746201,12.000000
0.073000,90.000000,24.655106,65.769455,13.661240,12.000000
0.074000,90.000000,25.079971,65.344894,13.576202,12.000000
0.075000,90.000000,25.505142,64.920029,13.491074,12.000000
0.076000,90.000000,25.930603,64.494858,13.405869,12.000000
0.077000,90.000000,26.356323,64.069397,13.320602,12.000000
0.078000,90.000000,26.782303,63.643677,13.235260,12.000000
0.079000,90.000000,27.208511,63.217697,13.149841,12.000000
0.080000,90.000000,27.634949,62.791489,13.064377,12.000000
0.081000,90.000000,28.061584,62.365051,12.978851,12.000000
0.082000,90.000000,28.488419,61.938416,12.893265,12.000000
0.083000,90.000000,28.915451,61.511581,12.807632,12.000000
0.084000,90.000000,29.342651,61.084549,12.721939,12.000000
0.085000,90.000000,29.770020,60.657349,12.636215,12.000000
0.086000,90.000000,30.197540,60.229980,12.550446,12.000000
0.087000,90.000000,30.625214,59.802460,12.464615,12.000000
0.088000,90.000000,31.053024,59.374786,12.378738,12.000000
0.089000,90.000000,31.480972,58.946976,12.292831,12.000000
0.090000,90.000000,31.909042,58.519028,12.206879,12.000000
0.091000,90.000000,32.337219,58.090958,12.120895,12.000000
0.092000,90.000000,32.765518,57.662781,12.034882,12.000000
0.093000,90.000000,33.193848,57.234482,11.948822,11.948822
0.094000,90.000000,33.622070,56.806152,11.862732,11.862732
0.095000,90.000000,34.050003,56.377930,11.776657,11.776657
0.096000,90.000000,34.477493,55.949997,11.690628,11.690628
0.097000,90.000000,34.904404,55.522507,11.604675,11.604675
0.098000,90.000000,35.330582,55.095596,11.518829,11.518829
0.099000,90.000000,35.755890,54.669418,11.433121,11.433121
0.100000,90.000000,36.180206,54.244110,11.347580,11.347580
0.101000,90.000000,36.603394,53.819794,11.262222,11.262222
0.102000,90.000000,37.025360,53.396606,11.177078,11.177078
0.103000,90.000000,37.445999,52.974640,11.092178,11.092178
0.104000,90.000000,37.865219,52.554001,11.007538,11.007538
0.105000,90.000000,38.282898,52.134781,10.923172,10.923172
0.106000,90.000000,38.698975,51.717102,10.839111,10.839111
0.107000,90.000000,39.113373,51.301025,10.755371,10.755371
0.108000,90.000000,39.526001,50.886627,10.671967,10.671967
0.109000,90.000000,39.936813,50.473999,10.588913,10.588913
0.110000,90.000000,40.345734,50.063187,10.506210,10.506210
0.111000,90.000000,40.752670,49.654266,10.423889,10.423889
0.112000,90.000000,41.157608,49.247330,10.341965,10.341965
0.113000,90.000000,41.560455,48.842392,10.260437,10.260437
0.114000,90.000000,41.961197,48.439545,10.179321,10.179321
0.115000,90.000000,42.359787,48.038803,10.098633,10.098633
0.116000,90.000000,42.756165,47.640213,10.018356,10.018356
0.117000,90.000000,43.150314,47.243835,9.938538,9.938538
0.118000,90.000000,43.542175,46.849686,9.859161,9.859161
0.119000,90.000000,43.931732,46.457825,9.780243,9.780243
0.120000,90.000000,44.318954,46.068268,9.701782,9.701782
0.121000,90.000000,44.703812,45.681046,9.623779,9.623779
0.122000,90.000000,45.086288,45.296188,9.546249,9.546249
0.123000,90.000000,45.466339,44.913712,9.469208,9.469208
0.124000,90.000000,45.843964,44.533661,9.392654,9.392654
0.125000,90.000000,46.219147,44.156036,9.316574,9.316574
0.126000,90.000000,46.591873,43.780853,9.240982,9.240982
0.127000,90.000000,46.962128,43.408127,9.165894,9.165894
0.128000,90.000000,47.329895,43.037872,9.091293,9.091293
0.129000,90.000000,47.695175,42.670105,9.017197,9.017197
0.130000,90.000000,48.057953,42.304825,8.943588,8.943588
0.131000,90.000000,48.418228,41.942047,8.870483,8.870483
0.132000,90.000000,48.775986,41.581772,8.797882,8.797882
0.133000,90.000000,49.131226,41.224014,8.725784,8.725784
0.134000,90.000000,49.483932,40.868774,8.654190,8.654190
0.135000,90.000000,49.834106,40.516068,8.583099,8.583099
0.136000,90.000000,50.181747,40.165894,8.512527,8.512527
0.137000,90.000000,50.526855,39.818253,8.442474,8.442474
0.138000,90.000000,50.869446,39.473145,8.372925,8.372925
0.139000,90.000000,51.209503,39.130554,8.303879,8.303879
0.140000,90.000000,51.547043,38.790497,8.235352,8.235352
0.141000,90.000000,51.882065,38.452957,8.167313,8.167313
0.142000,90.000000,52.214569,38.117935,8.099777,8.099777
0.143000,90.000000,52.544571,37.785431,8.032761,8.032761
0.144000,90.000000,52.872070,37.455429,7.966248,7.966248
0.145000,90.000000,53.197083,37.127930,7.900223,7.900223
0.146000,90.000000,53.519608,36.802917,7.834702,7.834702
0.147000,90.000000,53.839645,36.480392,7.769684,7.769684
0.148000,90.000000,54.157211,36.160355,7.705170,7.705170
0.149000,90.000000,54.472321,35.842789,7.641144,7.641144
0.150000,90.000000,54.784973,35.527679,7.577606,7.577606
0.151000,90.000000,55.095184,35.215027,7.514587,7.514587
0.152000,90.000000,55.402969,34.904816,7.452057,7.452057
0.153000,90.000000,55.708344,34.597031,7.389999,7.389999
0.154000,90.000000,56.011322,34.291656,7.328430,7.328430
0.155000,90.000000,56.311920,33.988678,7.267334,7.267334
0.156000,90.000000,56.610138,33.688080,7.206741,7.206741
0.157000,90.000000,56.905975,33.389862,7.146622,7.146622
0.158000,90.000000,57.199448,33.094025,7.086975,7.086975
0.159000,90.000000,57.490570,32.800552,7.027802,7.027802
0.160000,90.000000,57.779358,32.509430,6.969101,6.969101
0.161000,90.000000,58.065811,32.220642,6.910873,6.910873
0.162000,90.000000,58.349976,31.934189,6.853104,6.853104
0.163000,90.000000,58.631866,31.650024,6.795807,6.795807
0.164000,90.000000,58.911499,31.368134,6.738968,6.738968
0.165000,90.000000,59.188873,31.088501,6.682587,6.682587
0.166000,90.000000,59.464005,30.811127,6.626663,6.626663
0.167000,90.000000,59.736893,30.535995,6.571182,6.571182
0.168000,90.000000,60.007568,30.263107,6.516159,6.516159
0.169000,90.000000,60.276047,29.992432,6.461578,6.461578
0.170000,90.000000,60.542328,29.723953,6.407440,6.407440
0.171000,90.000000,60.806442,29.457672,6.353745,6.353745
0.172000,90.000000,61.068405,29.193558,6.300476,6.300476
0.173000,90.000000,61.328232,28.931595,6.247635,6.247635
0.174000,90.000000,61.585922,28.671768,6.195221,6.195221
0.175000,90.000000,61.841507,28.414078,6.143250,6.143250
0.176000,90.000000,62.095001,28.158493,6.091705,6.091705
0.177000,90.000000,62.346405,27.904999,6.040573,6.040573
0.178000,90.000000,62.595749,27.653595,5.989868,5.989868
0.179000,90.000000,62.843033,27.404251,5.939575,5.939575
0.180000,90.000000,63.088272,27.156967,5.889709,5.889709
0.181000,90.000000,63.331497,26.911728,5.840240,5.840240
0.182000,90.000000,63.572708,26.668503,5.791183,5.791183
0.183000,90.000000,63.811935,26.427292,5.742538,5.742538
0.184000,90.000000,64.049179,26.188065,5.694275,5.694275
0.185000,90.000000,64.284454,25.950821,5.646423,5.646423
0.186000,90.000000,64.517776,25.715546,5.598969,5.598969
0.187000,90.000000,64.749176,25.482224,5.551910,5.551910
0.188000,90.000000,64.978653,25.250824,5.505234,5.505234
0.189000,90.000000,65.206223,25.021347,5.458939,5.458939
0.190000,90.000000,65.431900,24.793777,5.413040,5.413040
0.191000,90.000000,65.655701,24.568100,5.367508,5.367508
0.192000,90.000000,65.877625,24.344299,5.322372,5.322372
0.193000,90.000000,66.097702,24.122375,5.277603,5.277603
0.194000,90.000000,66.315933,23.902298,5.233215,5.233215
0.195000,90.000000,66.532349,23.684067,5.189194,5.189194
0.196000,90.000000,66.746948,23.467651,5.145538,5.145538
0.197000,90.000000,66.959747,23.253052,5.102249,5.102249
0.198000,90.000000,67.170776,23.040253,5.059311,5.059311
0.199000,90.000000,67.380051,22.829224,5.016739,5.016739
0.200000,90.000000,67.587585,22.619949,4.974518,4.974518
0.201000,90.000000,67.793396,22.412415,4.932648,4.932648
0.202000,90.000000,67.997482,22.206604,4.891113,4.891113
0.203000,90.000000,68.199860,22.002518,4.849930,4.849930
0.204000,90.000000,68.400543,21.800140,4.809097,4.809097
0.205000,90.000000,68.599564,21.599457,4.768600,4.768600
0.206000,90.000000,68.796921,21.400436,4.728439,4.728439
0.207000,90.000000,68.992615,21.203079,4.688614,4.688614
0.208000,90.000000,69.186676,21.007385,4.649124,4.649124
0.209000,90.000000,69.379120,20.813324,4.609955,4.609955
0.210000,90.000000,69.569946,20.620880,4.571121,4.571121
0.211000,90.000000,69.759171,20.430054,4.532623,4.532623
0.212000,90.000000,69.946808,20.240829,4.494431,4.494431
0.213000,90.000000,70.132889,20.053192,4.456558,4.456558
0.214000,90.000000,70.317413,19.867111,4.419006,4.419006
0.215000,90.000000,70.500381,19.682587,4.381775,4.381775
0.216000,90.000000,70.681824,19.499619,4.344849,4.344849
0.217000,90.000000,70.861740,19.318176,4.308243,4.308243
0.218000,90.000000,71.040146,19.138260,4.271927,4.271927
0.219000,90.000000,71.217056,18.959854,4.235916,4.235916
0.220000,90.000000,71.392471,18.782944,4.200211,4.200211
0.221000,90.000000,71.566422,18.607529,4.164795,4.164795
0.222000,90.000000,71.738922,18.433578,4.129684,4.129684
0.223000,90.000000,71.909973,18.261078,4.094864,4.094864
0.224000,90.000000,72.079590,18.090027,4.060333,4.060333
0.225000,90.000000,72.247787,17.920410,4.026093,4.026093
0.226000,90.000000,72.414566,17.752213,3.992142,3.992142
0.227000,90.000000,72.579941,17.585434,3.958466,3.958466
0.228000,90.000000,72.743927,17.420059,3.925079,3.925079
0.229000,90.000000,72.906525,17.256073,3.891968,3.891968
0.230000,90.000000,73.067749,17.093475,3.859131,3.859131
0.231000,90.000000,73.227615,16.932251,3.826584,3.826584
0.232000,90.000000,73.386154,16.772385,3.794312,3.794312
0.233000,90.000000,73.543350,16.613846,3.762299,3.762299
0.234000,90.000000,73.699234,16.456650,3.730560,3.730560
0.235000,90.000000,73.853790,16.300766,3.699097,3.699097
0.236000,90.000000,74.007050,16.146210,3.667892,3.667892
0.237000,90.000000,74.159012,15.992950,3.636948,3.636948
0.238000,90.000000,74.309692,15.840988,3.606262,3.606262
0.239000,90.000000,74.459106,15.690308,3.575836,3.575836
0.240000,90.000000,74.607269,15.540894,3.545670,3.545670
0.241000,90.000000,74.754196,15.392731,3.515747,3.515747
0.242000,90.000000,74.899887,15.245804,3.486084,3.486084
0.243000,90.000000,75.044357,15.100113,3.456665,3.456665
0.244000,90.000000,75.187607,14.955643,3.427505,3.427505
0.245000,90.000000,75.329651,14.812393,3.398575,3.398575
0.246000,90.000000,75.470505,14.670349,3.369888,3.369888
0.247000,90.000000,75.610168,14.529495,3.341446,3.341446
0.248000,90.000000,75.748657,14.389832,3.313232,3.313232
0.249000,90.000000,75.885971,14.251343,3.285278,3.285278
0.250000,90.000000,76.022125,14.114029,3.257553,3.257553
0.251000,90.000000,76.157135,13.977875,3.230057,3.230057
0.252000,90.000000,76.291000,13.842865,3.202789,3.202789
0.253000,90.000000,76.423737,13.709000,3.175751,3.175751
0.254000,90.000000,76.555344,13.576263,3.148941,3.148941
0.255000,90.000000,76.685837,13.444656,3.122360,3.122360
0.256000,90.000000,76.815247,13.314163,3.096008,3.096008
0.257000,90.000000,76.943558,13.184753,3.069870,3.069870
0.258000,90.000000,77.070770,13.056442,3.043961,3.043961
0.259000,90.000000,77.196915,12.929230,3.018265,3.018265
0.260000,90.000000,77.321991,12.803085,2.992783,2.992783
0.261000,90.000000,77.446014,12.678009,2.967514,2.967514
0.262000,90.000000,77.568985,12.553986,2.942459,2.942459
0.263000,90.000000,77.690933,12.431015,2.917618,2.917618
0.264000,90.000000,77.811844,12.309067,2.892975,2.892975
0.265000,90.000000,77.931747,12.188156,2.868546,2.868546
0.266000,90.000000,78.050644,12.068253,2.844330,2.844330
0.267000,90.000000,78.168533,11.949356,2.820312,2.820312
0.268000,90.000000,78.285416,11.831467,2.796494,2.796494
0.269000,90.000000,78.401321,11.714584,2.772888,2.772888
0.270000,90.000000,78.516235,11.598679,2.749466,2.749466
0.271000,90.000000,78.630188,11.483765,2.726242,2.726242
0.272000,90.000000,78.743164,11.369812,2.703217,2.703217
0.273000,90.000000,78.855209,11.256836,2.680374,2.680374
0.274000,90.000000,78.966293,11.144791,2.657730,2.657730
0.275000,90.000000,79.076462,11.033707,2.635269,2.635269
0.276000,90.000000,79.185684,10.923538,2.613007,2.613007
0.277000,90.000000,79.294006,10.814316,2.590942,2.590942
0.278000,90.000000,79.401398,10.705994,2.569046,2.569046
0.279000,90.000000,79.507904,10.598602,2.547333,2.547333
0.280000,90.000000,79.613495,10.492096,2.525803,2.525803
0.281000,90.000000,79.718201,10.386505,2.504471,2.504471
0.282000,90.000000,79.822021,10.281799,2.483307,2.483307
0.283000,90.000000,79.924957,10.177979,2.462326,2.462326
0.284000,90.000000,80.027023,10.075043,2.441528,2.441528
0.285000,90.000000,80.128235,9.972977,2.420883,2.420883
0.286000,90.000000,80.228592,9.871765,2.400436,2.400436
0.287000,90.000000,80.328094,9.771408,2.380142,2.380142
0.288000,90.000000,80.426758,9.671906,2.360016,2.360016
0.289000,90.000000,80.524597,9.573242,2.340073,2.340073
0.290000,90.000000,80.621597,9.475403,2.320297,2.320297
0.291000,90.000000,80.717789,9.378403,2.300690,2.300690
0.292000,90.000000,80.813171,9.282211,2.281235,2.281235
0.293000,90.000000,80.907745,9.186829,2.261948,2.261948
0.294000,90.000000,81.001511,9.092255,2.242828,2.242828
0.295000,90.000000,81.094498,8.998489,2.223862,2.223862
0.296000,90.000000,81.186676,8.905502,2.205063,2.205063
0.297000,90.000000,81.278076,8.813324,2.186417,2.186417
0.298000,90.000000,81.368698,8.721924,2.167923,2.167923
0.299000,90.000000,81.458572,8.631302,2.149597,2.149597
0.300000,90.000000,81.547684,8.541428,2.131424,2.131424
0.301000,90.000000,81.636032,8.452316,2.113403,2.113403
0.302000,90.000000,81.723633,8.363968,2.095535,2.095535
0.303000,90.000000,81.810501,8.276367,2.077820,2.077820
0.304000,90.000000,81.896652,8.189499,2.060257,2.060257
0.305000,90.000000,81.982071,8.103348,2.042831,2.042831
0.306000,90.000000,82.066757,8.017929,2.025543,2.025543
0.307000,90.000000,82.150726,7.933243,2.008423,2.008423
0.308000,90.000000,82.233978,7.849274,1.991425,1.991425
0.309000,90.000000,82.316544,7.766022,1.974579,1.974579
0.310000,90.000000,82.398407,7.683456,1.957870,1.957870
0.311000,90.000000,82.479599,7.601593,1.941315,1.941315
0.312000,90.000000,82.560104,7.520401,1.924896,1.924896
0.313000,90.000000,82.639908,7.439896,1.908600,1.908600
0.314000,90.000000,82.719040,7.360092,1.892456,1.892456
0.315000,90.000000,82.797485,7.280960,1.876434,1.876434
0.316000,90.000000,82.875275,7.202515,1.860550,1.860550
0.317000,90.000000,82.952408,7.124725,1.844803,1.844803
0.318000,90.000000,83.028885,7.047592,1.829193,1.829193
0.319000,90.000000,83.104721,6.971115,1.813705,1.813705
0.320000,90.000000,83.179916,6.895279,1.798355,1.798355
0.321000,90.000000,83.254471,6.820084,1.783127,1.783127
0.322000,90.000000,83.328400,6.745529,1.768021,1.768021
0.323000,90.000000,83.401718,6.671600,1.753052,1.753052
0.324000,90.000000,83.474411,6.598282,1.738205,1.738205
0.325000,90.000000,83.546494,6.525589,1.723480,1.723480
0.326000,90.000000,83.617981,6.453506,1.708893,1.708893
0.327000,90.000000,83.688858,6.382019,1.694412,1.694412
0.328000,90.000000,83.759140,6.311142,1.680054,1.680054
0.329000,90.000000,83.828827,6.240860,1.665833,1.665833
0.330000,90.000000,83.897934,6.171173,1.651718,1.651718
0.331000,90.000000,83.966446,6.102066,1.637726,1.637726
0.332000,90.000000,84.034378,6.033554,1.623840,1.623840
0.333000,90.000000,84.101730,5.965622,1.610092,1.610092
0.334000,90.000000,84.168503,5.898270,1.596451,1.596451
0.335000,90.000000,84.234695,5.831497,1.582916,1.582916
0.336000,90.000000,84.300339,5.765305,1.569504,1.569504
0.337000,90.000000,84.365433,5.699661,1.556198,1.556198
0.338000,90.000000,84.429962,5.634567,1.543015,1.543015
0.339000,90.000000,84.493958,5.570038,1.529953,1.529953
0.340000,90.000000,84.557419,5.506042,1.516998,1.516998
0.341000,90.000000,84.620346,5.442581,1.504135,1.504135
0.342000,90.000000,84.682724,5.379654,1.491394,1.491394
0.343000,90.000000,84.744568,5.317276,1.478745,1.478745
0.344000,90.000000,84.805893,5.255432,1.466202,1.466202
0.345000,90.000000,84.866699,5.194107,1.453781,1.453781
0.346000,90.000000,84.927002,5.133301,1.441467,1.441467
0.347000,90.000000,84.986801,5.072998,1.429245,1.429245
0.348000,90.000000,85.046082,5.013199,1.417130,1.417130
0.349000,90.000000,85.104858,4.953918,1.405106,1.405106
0.350000,90.000000,85.163132,4.895142,1.393204,1.393204
0.351000,90.000000,85.220917,4.836868,1.381393,1.381393
0.352000,90.000000,85.278214,4.779083,1.369675,1.369675
0.353000,90.000000,85.335022,4.721786,1.358047,1.358047
0.354000,90.000000,85.391342,4.664978,1.346527,1.346527
0.355000,90.000000,85.447189,4.608658,1.335098,1.335098
0.356000,90.000000,85.502563,4.552811,1.323776,1.323776
0.357000,90.000000,85.557465,4.497437,1.312546,1.312546
0.358000,90.000000,85.611893,4.442535,1.301407,1.301407
0.359000,90.000000,85.665863,4.388107,1.290359,1.290359
0.360000,90.000000,85.719391,4.334137,1.279419,1.279419
0.361000,90.000000,85.772461,4.280609,1.268570,1.268570
0.362000,90.000000,85.825073,4.227539,1.257812,1.257812
0.363000,90.000000,85.877243,4.174927,1.247147,1.247147
0.364000,90.000000,85.928970,4.122757,1.236572,1.236572
0.365000,90.000000,85.980255,4.071030,1.226074,1.226074
0.366000,90.000000,86.031113,4.019745,1.215668,1.215668
0.367000,90.000000,86.081528,3.968887,1.205338,1.205338
0.368000,90.000000,86.131516,3.918472,1.195099,1.195099
0.369000,90.000000,86.181091,3.868484,1.184952,1.184952
0.370000,90.000000,86.230240,3.818909,1.174881,1.174881
0.371000,90.000000,86.278976,3.769760,1.164902,1.164902
0.372000,90.000000,86.327301,3.721024,1.155014,1.155014
0.373000,90.000000,86.375214,3.672699,1.145203,1.145203
0.374000,90.000000,86.422714,3.624786,1.135468,1.135468
0.375000,90.000000,86.469818,3.577286,1.125824,1.125824
0.376000,90.000000,86.516525,3.530182,1.116257,1.116257
0.377000,90.000000,86.562836,3.483475,1.106766,1.106766
0.378000,90.000000,86.608749,3.437164,1.097366,1.097366
0.379000,90.000000,86.654266,3.391251,1.088043,1.088043
0.380000,90.000000,86.699402,3.345734,1.078796,1.078796
0.381000,90.000000,86.744141,3.300598,1.069626,1.069626
0.382000,90.000000,86.788513,3.255859,1.060532,1.060532
0.383000,90.000000,86.832520,3.211487,1.051514,1.051514
0.384000,90.000000,86.876144,3.167480,1.042572,1.042572
0.385000,90.000000,86.919388,3.123856,1.033722,1.033722
0.386000,90.000000,86.962265,3.080612,1.024948,1.024948
0.387000,90.000000,87.004791,3.037735,1.016251,1.016251
0.388000,90.000000,87.046951,2.995209,1.007614,1.007614
0.389000,90.000000,87.088760,2.953049,0.999054,0.999054
0.390000,90.000000,87.130203,2.911240,0.990555,0.990555
0.391000,90.000000,87.171295,2.869797,0.982132,0.982132
0.392000,90.000000,87.212036,2.828705,0.973785,0.973785
0.393000,90.000000,87.252426,2.787964,0.965515,0.965515
0.394000,90.000000,87.292480,2.747574,0.957306,0.957306
0.395000,90.000000,87.332199,2.707520,0.949173,0.949173
0.396000,90.000000,87.371567,2.667801,0.941101,0.941101
0.397000,90.000000,87.410614,2.628433,0.933090,0.933090
0.398000,90.000000,87.449326,2.589386,0.925140,0.925140
0.399000,90.000000,87.487701,2.550674,0.917267,0.917267
0.400000,90.000000,87.525742,2.512299,0.909470,0.909470
0.401000,90.000000,87.563461,2.474258,0.901733,0.901733
0.402000,90.000000,87.600861,2.436539,0.894058,0.894058
0.403000,90.000000,87.637939,2.399139,0.886444,0.886444
0.404000,90.000000,87.674698,2.362061,0.878891,0.878891
0.405000,90.000000,87.711151,2.325302,0.871414,0.871414
0.406000,90.000000,87.747284,2.288849,0.863983,0.863983
0.407000,90.000000,87.783112,2.252716,0.856628,0.856628
0.408000,90.000000,87.818634,2.216888,0.849350,0.849350
0.409000,90.000000,87.853851,2.181366,0.842117,0.842117
0.410000,90.000000,87.888763,2.146149,0.834946,0.834946
0.411000,90.000000,87.923386,2.111237,0.827835,0.827835
0.412000,90.000000,87.957703,2.076614,0.820786,0.820786
0.413000,90.000000,87.991730,2.042297,0.813797,0.813797
0.414000,90.000000,88.025467,2.008270,0.806870,0.806870
0.415000,90.000000,88.058929,1.974533,0.799988,0.799988
0.416000,90.000000,88.092087,1.941071,0.793182,0.793182
0.417000,90.000000,88.124969,1.907913,0.786423,0.786423
0.418000,90.000000,88.157578,1.875031,0.779724,0.779724
0.419000,90.000000,88.189926,1.842422,0.773071,0.773071
0.420000,90.000000,88.222000,1.810074,0.766479,0.766479
0.421000,90.000000,88.253799,1.778000,0.759949,0.759949
0.422000,90.000000,88.285324,1.746201,0.753464,0.753464
0.423000,90.000000,88.316574,1.714676,0.747040,0.747040
0.424000,90.000000,88.347565,1.683426,0.740677,0.740677
0.425000,90.000000,88.378296,1.652435,0.734360,0.734360
0.426000,90.000000,88.408768,1.621704,0.728104,0.728104
0.427000,90.000000,88.438980,1.591232,0.721893,0.721893
0.428000,90.000000,88.468933,1.561020,0.715729,0.715729
0.429000,90.000000,88.498627,1.531067,0.709625,0.709625
0.430000,90.000000,88.528061,1.501373,0.703568,0.703568
0.431000,90.000000,88.557251,1.471939,0.697556,0.697556
0.432000,90.000000,88.586197,1.442749,0.691589,0.691589
0.433000,90.000000,88.614899,1.413803,0.685684,0.685684
0.434000,90.000000,88.643356,1.385101,0.679825,0.679825
0.435000,90.000000,88.671570,1.356644,0.674011,0.674011
0.436000,90.000000,88.699539,1.328430,0.668243,0.668243
0.437000,90.000000,88.727280,1.300461,0.662521,0.662521
0.438000,90.000000,88.754776,1.272720,0.656860,0.656860
0.439000,90.000000,88.782059,1.245224,0.651245,0.651245
0.440000,90.000000,88.809097,1.217941,0.645676,0.645676
0.441000,90.000000,88.835907,1.190903,0.640152,0.640152
0.442000,90.000000,88.862488,1.164093,0.634674,0.634674
0.443000,90.000000,88.888840,1.137512,0.629242,0.629242
0.444000,90.000000,88.914963,1.111160,0.623856,0.623856
0.445000,90.000000,88.940872,1.085037,0.618515,0.618515
0.446000,90.000000,88.966553,1.059128,0.613220,0.613220
0.447000,90.000000,88.992035,1.033447,0.607971,0.607971
0.448000,90.000000,89.017288,1.007965,0.602768,0.602768
0.449000,90.000000,89.042313,0.982712,0.597595,0.597595
0.450000,90.000000,89.067139,0.957687,0.592484,0.592484
0.451000,90.000000,89.091736,0.932861,0.587402,0.587402
0.452000,90.000000,89.116135,0.908264,0.582367,0.582367
0.453000,90.000000,89.140335,0.883865,0.577377,0.577377
0.454000,90.000000,89.164322,0.859665,0.572433,0.572433
0.455000,90.000000,89.188095,0.835678,0.567535,0.567535
0.456000,90.000000,89.211685,0.811905,0.562668,0.562668
0.457000,90.000000,89.235062,0.788315,0.557831,0.557831
0.458000,90.000000,89.258240,0.764938,0.553040,0.553040
0.459000,90.000000,89.281219,0.741760,0.548294,0.548294
0.460000,90.000000,89.304001,0.718781,0.543594,0.543594
0.461000,90.000000,89.326584,0.695999,0.538925,0.538925
0.462000,90.000000,89.348984,0.673416,0.534302,0.534302
0.463000,90.000000,89.371185,0.651016,0.529724,0.529724
0.464000,90.000000,89.393204,0.628815,0.525177,0.525177
0.465000,90.000000,89.415039,0.606796,0.520660,0.520660
0.466000,90.000000,89.436676,0.584961,0.516190,0.516190
0.467000,90.000000,89.458130,0.563324,0.511749,0.511749
0.468000,90.000000,89.479401,0.541870,0.507355,0.507355
0.469000,90.000000,89.500488,0.520599,0.502991,0.502991
0.470000,90.000000,89.521378,0.499512,0.498672,0.498672
0.471000,90.000000,89.542084,0.478622,0.494385,0.494385
0.472000,90.000000,89.562622,0.457916,0.490143,0.490143
0.473000,90.000000,89.582993,0.437378,0.485931,0.485931
0.474000,90.000000,89.603180,0.417007,0.481750,0.481750
0.475000,90.000000,89.623199,0.396820,0.477600,0.477600
0.476000,90.000000,89.643051,0.376801,0.473495,0.473495
0.477000,90.000000,89.662720,0.356949,0.469421,0.469421
0.478000,90.000000,89.682220,0.337280,0.465378,0.465378
0.479000,90.000000,89.701553,0.317780,0.461365,0.461365
0.480000,90.000000,89.720718,0.298447,0.457382,0.457382
0.481000,90.000000,89.739716,0.279282,0.453445,0.453445
0.482000,90.000000,89.758560,0.260284,0.449554,0.449554
0.483000,90.000000,89.777237,0.241440,0.445679,0.445679
0.484000,90.000000,89.795761,0.222763,0.441849,0.441849
0.485000,90.000000,89.814117,0.204239,0.438049,0.438049
0.486000,90.000000,89.832321,0.185883,0.434280,0.434280
0.487000,90.000000,89.850372,0.167679,0.430527,0.430527
0.488000,90.000000,89.868271,0.149628,0.426819,0.426819
0.489000,90.000000,89.886017,0.131729,0.423126,0.423126
0.490000,90.000000,89.903610,0.113983,0.419479,0.419479
0.491000,90.000000,89.921066,0.096390,0.415863,0.415863
0.492000,90.000000,89.938370,0.078934,0.412277,0.412277
0.493000,90.000000,89.955521,0.061630,0.408722,0.408722
0.494000,90.000000,89.972519,0.044479,0.405197,0.405197
0.495000,90.000000,89.989380,0.027481,0.401703,0.401703
0.496000,90.000000,90.006104,0.010620,0.398224,0.398224
0.497000,90.000000,90.022659,-0.006104,0.394775,0.394775
0.498000,90.000000,90.039078,-0.022659,0.391357,0.391357
0.499000,90.000000,90.055359,-0.039078,0.387970,0.387970
0.500000,90.000000,90.071503,-0.055359,0.384613,0.384613
0.501000,90.000000,90.087494,-0.071503,0.381287,0.381287
0.502000,90.000000,90.103348,-0.087494,0.377991,0.377991
0.503000,90.000000,90.119064,-0.103348,0.374725,0.374725
0.504000,90.000000,90.134659,-0.119064,0.371490,0.371490
0.505000,90.000000,90.150116,-0.134659,0.368271,0.368271
0.506000,90.000000,90.165436,-0.150116,0.365097,0.365097
0.507000,90.000000,90.180618,-0.165436,0.361938,0.361938
0.508000,90.000000,90.195679,-0.180618,0.358810,0.358810
0.509000,90.000000,90.210617,-0.195679,0.355698,0.355698
0.510000,90.000000,90.225418,-0.210617,0.352615,0.352615
0.511000,90.000000,90.240082,-0.225418,0.349564,0.349564
0.512000,90.000000,90.254623,-0.240082,0.346542,0.346542
0.513000,90.000000,90.269043,-0.254623,0.343536,0.343536
0.514000,90.000000,90.283340,-0.269043,0.340561,0.340561
0.515000,90.000000,90.297516,-0.283340,0.337616,0.337616
0.516000,90.000000,90.311554,-0.297516,0.334686,0.334686
0.517000,90.000000,90.325470,-0.311554,0.331772,0.331772
0.518000,90.000000,90.339279,-0.325470,0.328888,0.328888
0.519000,90.000000,90.352982,-0.339279,0.326035,0.326035
0.520000,90.000000,90.366547,-0.352982,0.323196,0.323196
0.521000,90.000000,90.379990,-0.366547,0.320389,0.320389
0.522000,90.000000,90.393311,-0.379990,0.317612,0.317612
0.523000,90.000000,90.406525,-0.393311,0.314850,0.314850
0.524000,90.000000,90.419632,-0.406525,0.312103,0.312103
0.525000,90.000000,90.432632,-0.419632,0.309387,0.309387
0.526000,90.000000,90.445511,-0.432632,0.306702,0.306702
0.527000,90.000000,90.458267,-0.445511,0.304031,0.304031
0.528000,90.000000,90.470917,-0.458267,0.301376,0.301376
0.529000,90.000000,90.483475,-0.470917,0.298752,0.298752
0.530000,90.000000,90.495926,-0.483475,0.296158,0.296158
0.531000,90.000000,90.508255,-0.495926,0.293564,0.293564
0.532000,90.000000,90.520477,-0.508255,0.291016,0.291016
0.533000,90.000000,90.532593,-0.520477,0.288467,0.288467
0.534000,90.000000,90.544601,-0.532593,0.285965,0.285965
0.535000,90.000000,90.556519,-0.544601,0.283463,0.283463
0.536000,90.000000,90.568329,-0.556519,0.280991,0.280991
0.537000,90.000000,90.580017,-0.568329,0.278534,0.278534
0.538000,90.000000,90.591599,-0.580017,0.276093,0.276093
0.539000,90.000000,90.603088,-0.591599,0.273682,0.273682
0.540000,90.000000,90.614471,-0.603088,0.271286,0.271286
0.541000,90.000000,90.625778,-0.614471,0.268906,0.268906
0.542000,90.000000,90.636993,-0.625778,0.266556,0.266556
0.543000,90.000000,90.648102,-0.636993,0.264221,0.264221
0.544000,90.000000,90.659103,-0.648102,0.261917,0.261917
0.545000,90.000000,90.669998,-0.659103,0.259628,0.259628
0.546000,90.000000,90.680801,-0.669998,0.257355,0.257355
0.547000,90.000000,90.691528,-0.680801,0.255096,0.255096
0.548000,90.000000,90.702164,-0.691528,0.252853,0.252853
0.549000,90.000000,90.712708,-0.702164,0.250626,0.250626
0.550000,90.000000,90.723145,-0.712708,0.248428,0.248428
0.551000,90.000000,90.733490,-0.723145,0.246246,0.246246
0.552000,90.000000,90.743744,-0.733490,0.244080,0.244080
0.553000,90.000000,90.753906,-0.743744,0.241943,0.241943
0.554000,90.000000,90.763992,-0.753906,0.239822,0.239822
0.555000,90.000000,90.774002,-0.763992,0.237701,0.237701
0.556000,90.000000,90.783920,-0.774002,0.235611,0.235611
0.557000,90.000000,90.793747,-0.783920,0.233536,0.233536
0.558000,90.000000,90.803482,-0.793747,0.231491,0.231491
0.559000,90.000000,90.813126,-0.803482,0.229462,0.229462
0.560000,90.000000,90.822693,-0.813126,0.227432,0.227432
0.561000,90.000000,90.832184,-0.822693,0.225433,0.225433
0.562000,90.000000,90.841599,-0.832184,0.223450,0.223450
0.563000,90.000000,90.850937,-0.841599,0.221481,0.221481
0.564000,90.000000,90.860168,-0.850937,0.219528,0.219528
0.565000,90.000000,90.869324,-0.860168,0.217590,0.217590
0.566000,90.000000,90.878387,-0.869324,0.215668,0.215668
0.567000,90.000000,90.887375,-0.878387,0.213760,0.213760
0.568000,90.000000,90.896286,-0.887375,0.211884,0.211884
0.569000,90.000000,90.905121,-0.896286,0.210007,0.210007
0.570000,90.000000,90.913895,-0.905121,0.208145,0.208145
0.571000,90.000000,90.922592,-0.913895,0.206299,0.206299
0.572000,90.000000,90.931198,-0.922592,0.204483,0.204483
0.573000,90.000000,90.939728,-0.931198,0.202682,0.202682
0.574000,90.000000,90.948181,-0.939728,0.200882,0.200882
0.575000,90.000000,90.956558,-0.948181,0.199112,0.199112
0.576000,90.000000,90.964859,-0.956558,0.197342,0.197342
0.577000,90.000000,90.973099,-0.964859,0.195602,0.195602
0.578000,90.000000,90.981277,-0.973099,0.193863,0.193863
0.579000,90.000000,90.989380,-0.981277,0.192139,0.192139
0.580000,90.000000,90.997406,-0.989380,0.190430,0.190430
0.581000,90.000000,91.005341,-0.997406,0.188736,0.188736
0.582000,90.000000,91.013199,-1.005341,0.187073,0.187073
0.583000,90.000000,91.020996,-1.013199,0.185410,0.185410
0.584000,90.000000,91.028717,-1.020996,0.183762,0.183762
0.585000,90.000000,91.036377,-1.028717,0.182144,0.182144
0.586000,90.000000,91.043976,-1.036377,0.180527,0.180527
0.587000,90.000000,91.051529,-1.043976,0.178925,0.178925
0.588000,90.000000,91.059006,-1.051529,0.177322,0.177322
0.589000,90.000000,91.066406,-1.059006,0.175751,0.175751
0.590000,90.000000,91.073730,-1.066406,0.174179,0.174179
0.591000,90.000000,91.080994,-1.073730,0.172638,0.172638
0.592000,90.000000,91.088181,-1.080994,0.171097,0.171097
0.593000,90.000000,91.095306,-1.088181,0.169586,0.169586
0.594000,90.000000,91.102371,-1.095306,0.168076,0.168076
0.595000,90.000000,91.109390,-1.102371,0.166580,0.166580
0.596000,90.000000,91.116348,-1.109390,0.165100,0.165100
0.597000,90.000000,91.123260,-1.116348,0.163620,0.163620
0.598000,90.000000,91.130112,-1.123260,0.162155,0.162155
0.599000,90.000000,91.136887,-1.130112,0.160690,0.160690
0.600000,90.000000,91.143600,-1.136887,0.159241,0.159241
0.601000,90.000000,91.150238,-1.143600,0.157806,0.157806
0.602000,90.000000,91.156815,-1.150238,0.156403,0.156403
0.603000,90.000000,91.163330,-1.156815,0.155014,0.155014
0.604000,90.000000,91.169800,-1.163330,0.153625,0.153625
0.605000,90.000000,91.176224,-1.169800,0.152252,0.152252
0.606000,90.000000,91.182587,-1.176224,0.150894,0.150894
0.607000,90.000000,91.188904,-1.182587,0.149536,0.149536
0.608000,90.000000,91.195190,-1.188904,0.148178,0.148178
0.609000,90.000000,91.201401,-1.195190,0.146835,0.146835
0.610000,90.000000,91.207535,-1.201401,0.145508,0.145508
0.611000,90.000000,91.213608,-1.207535,0.144196,0.144196
0.612000,90.000000,91.219620,-1.213608,0.142899,0.142899
0.613000,90.000000,91.225586,-1.219620,0.141617,0.141617
0.614000,90.000000,91.231491,-1.225586,0.140350,0.140350
0.615000,90.000000,91.237350,-1.231491,0.139084,0.139084
0.616000,90.000000,91.243164,-1.237350,0.137817,0.137817
0.617000,90.000000,91.248932,-1.243164,0.136566,0.136566
0.618000,90.000000,91.254654,-1.248932,0.135330,0.135330
0.619000,90.000000,91.260345,-1.254654,0.134109,0.134109
0.620000,90.000000,91.265976,-1.260345,0.132889,0.132889
0.621000,90.000000,91.271545,-1.265976,0.131683,0.131683
0.622000,90.000000,91.277054,-1.271545,0.130493,0.130493
0.623000,90.000000,91.282501,-1.277054,0.129303,0.129303
0.624000,90.000000,91.287903,-1.282501,0.128128,0.128128
0.625000,90.000000,91.293243,-1.287903,0.126968,0.126968
0.626000,90.000000,91.298538,-1.293243,0.125809,0.125809
0.627000,90.000000,91.303787,-1.298538,0.124664,0.124664
0.628000,90.000000,91.309006,-1.303787,0.123535,0.123535
0.629000,90.000000,91.314178,-1.309006,0.122421,0.122421
0.630000,90.000000,91.319305,-1.314178,0.121307,0.121307
0.631000,90.000000,91.324402,-1.319305,0.120193,0.120193
0.632000,90.000000,91.329468,-1.324402,0.119095,0.119095
0.633000,90.000000,91.334488,-1.329468,0.118011,0.118011
0.634000,90.000000,91.339447,-1.334488,0.116928,0.116928
0.635000,90.000000,91.344345,-1.339447,0.115860,0.115860
0.636000,90.000000,91.349197,-1.344345,0.114807,0.114807
0.637000,90.000000,91.353989,-1.349197,0.113754,0.113754
0.638000,90.000000,91.358734,-1.353989,0.112717,0.112717
0.639000,90.000000,91.363434,-1.358734,0.111694,0.111694
0.640000,90.000000,91.368103,-1.363434,0.110672,0.110672
0.641000,90.000000,91.372726,-1.368103,0.109665,0.109665
0.642000,90.000000,91.377319,-1.372726,0.108673,0.108673
0.643000,90.000000,91.381866,-1.377319,0.107681,0.107681
0.644000,90.000000,91.386383,-1.381866,0.106689,0.106689
0.645000,90.000000,91.390869,-1.386383,0.105698,0.105698
0.646000,90.000000,91.395325,-1.390869,0.104721,0.104721
0.647000,90.000000,91.399765,-1.395325,0.103745,0.103745
0.648000,90.000000,91.404144,-1.399765,0.102768,0.102768
0.649000,90.000000,91.408463,-1.404144,0.101807,0.101807
0.650000,90.000000,91.412735,-1.408463,0.100861,0.100861
0.651000,90.000000,91.416962,-1.412735,0.099930,0.099930
0.652000,90.000000,91.421143,-1.416962,0.098999,0.098999
0.653000,90.000000,91.425278,-1.421143,0.098083,0.098083
0.654000,90.000000,91.429382,-1.425278,0.097168,0.097168
0.655000,90.000000,91.433441,-1.429382,0.096268,0.096268
0.656000,90.000000,91.437469,-1.433441,0.095383,0.095383
0.657000,90.000000,91.441467,-1.437469,0.094498,0.094498
0.658000,90.000000,91.445435,-1.441467,0.093613,0.093613
0.659000,90.000000,91.449371,-1.445435,0.092743,0.092743
0.660000,90.000000,91.453278,-1.449371,0.091873,0.091873
0.661000,90.000000,91.457153,-1.453278,0.091003,0.091003
0.662000,90.000000,91.460999,-1.457153,0.090149,0.090149
0.663000,90.000000,91.464828,-1.460999,0.089310,0.089310
0.664000,90.000000,91.468628,-1.464828,0.088470,0.088470
0.665000,90.000000,91.472366,-1.468628,0.087631,0.087631
0.666000,90.000000,91.476059,-1.472366,0.086807,0.086807
0.667000,90.000000,91.479706,-1.476059,0.085983,0.085983
0.668000,90.000000,91.483307,-1.479706,0.085175,0.085175
0.669000,90.000000,91.486877,-1.483307,0.084381,0.084381
0.670000,90.000000,91.490402,-1.486877,0.083588,0.083588
0.671000,90.000000,91.493896,-1.490402,0.082794,0.082794
0.672000,90.000000,91.497360,-1.493896,0.082031,0.082031
0.673000,90.000000,91.500793,-1.497360,0.081268,0.081268
0.674000,90.000000,91.504196,-1.500793,0.080505,0.080505
0.675000,90.000000,91.507568,-1.504196,0.079742,0.079742
0.676000,90.000000,91.510910,-1.507568,0.078995,0.078995
0.677000,90.000000,91.514236,-1.510910,0.078247,0.078247
0.678000,90.000000,91.517532,-1.514236,0.077499,0.077499
0.679000,90.000000,91.520813,-1.517532,0.076767,0.076767
0.680000,90.000000,91.524078,-1.520813,0.076035,0.076035
0.681000,90.000000,91.527313,-1.524078,0.075302,0.075302
0.682000,90.000000,91.530533,-1.527313,0.074585,0.074585
0.683000,90.000000,91.533722,-1.530533,0.073853,0.073853
0.684000,90.000000,91.536865,-1.533722,0.073135,0.073135
0.685000,90.000000,91.539963,-1.536865,0.072433,0.072433
0.686000,90.000000,91.543015,-1.539963,0.071747,0.071747
0.687000,90.000000,91.546036,-1.543015,0.071060,0.071060
0.688000,90.000000,91.549011,-1.546036,0.070374,0.070374
0.689000,90.000000,91.551956,-1.549011,0.069702,0.069702
0.690000,90.000000,91.554871,-1.551956,0.069031,0.069031
0.691000,90.000000,91.557755,-1.554871,0.068359,0.068359
0.692000,90.000000,91.560608,-1.557755,0.067719,0.067719
0.693000,90.000000,91.563446,-1.560608,0.067062,0.067062
0.694000,90.000000,91.566254,-1.563446,0.066422,0.066422
0.695000,90.000000,91.569031,-1.566254,0.065781,0.065781
0.696000,90.000000,91.571793,-1.569031,0.065155,0.065155
0.697000,90.000000,91.574524,-1.571793,0.064529,0.064529
0.698000,90.000000,91.577240,-1.574524,0.063904,0.063904
0.699000,90.000000,91.579941,-1.577240,0.063293,0.063293
0.700000,90.000000,91.582626,-1.579941,0.062668,0.062668
0.701000,90.000000,91.585297,-1.582626,0.062042,0.062042
0.702000,90.000000,91.587952,-1.585297,0.061432,0.061432
0.703000,90.000000,91.590591,-1.587952,0.060822,0.060822
0.704000,90.000000,91.593216,-1.590591,0.060211,0.060211
0.705000,90.000000,91.595825,-1.593216,0.059616,0.059616
0.706000,90.000000,91.598404,-1.595825,0.059021,0.059021
0.707000,90.000000,91.600937,-1.598404,0.058426,0.058426
0.708000,90.000000,91.603439,-1.600937,0.057831,0.057831
0.709000,90.000000,91.605896,-1.603439,0.057251,0.057251
0.710000,90.000000,91.608322,-1.605896,0.056686,0.056686
0.711000,90.000000,91.610718,-1.608322,0.056122,0.056122
0.712000,90.000000,91.613083,-1.610718,0.055573,0.055573
0.713000,90.000000,91.615417,-1.613083,0.055023,0.055023
0.714000,90.000000,91.617722,-1.615417,0.054489,0.054489
0.715000,90.000000,91.619995,-1.617722,0.053955,0.053955
0.716000,90.000000,91.622253,-1.619995,0.053421,0.053421
0.717000,90.000000,91.624481,-1.622253,0.052902,0.052902
0.718000,90.000000,91.626694,-1.624481,0.052383,0.052383
0.719000,90.000000,91.628876,-1.626694,0.051865,0.051865
0.720000,90.000000,91.631042,-1.628876,0.051361,0.051361
0.721000,90.000000,91.633194,-1.631042,0.050858,0.050858
0.722000,90.000000,91.635330,-1.633194,0.050354,0.050354
0.723000,90.000000,91.637451,-1.635330,0.049850,0.049850
0.724000,90.000000,91.639557,-1.637451,0.049362,0.049362
0.725000,90.000000,91.641647,-1.639557,0.048859,0.048859
0.726000,90.000000,91.643723,-1.641647,0.048355,0.048355
0.727000,90.000000,91.645782,-1.643723,0.047852,0.047852
0.728000,90.000000,91.647842,-1.645782,0.047363,0.047363
0.729000,90.000000,91.649887,-1.647842,0.046875,0.046875
0.730000,90.000000,91.651917,-1.649887,0.046402,0.046402
0.731000,90.000000,91.653931,-1.651917,0.045914,0.045914
0.732000,90.000000,91.655945,-1.653931,0.045425,0.045425
0.733000,90.000000,91.657944,-1.655945,0.044937,0.044937
0.734000,90.000000,91.659943,-1.657944,0.044449,0.044449
0.735000,90.000000,91.661896,-1.659943,0.043976,0.043976
0.736000,90.000000,91.663818,-1.661896,0.043503,0.043503
0.737000,90.000000,91.665710,-1.663818,0.043030,0.043030
0.738000,90.000000,91.667557,-1.665710,0.042572,0.042572
0.739000,90.000000,91.669373,-1.667557,0.042130,0.042130
0.740000,90.000000,91.671173,-1.669373,0.041687,0.041687
0.741000,90.000000,91.672943,-1.671173,0.041260,0.041260
0.742000,90.000000,91.674683,-1.672943,0.040833,0.040833
0.743000,90.000000,91.676407,-1.674683,0.040405,0.040405
0.744000,90.000000,91.678101,-1.676407,0.039978,0.039978
0.745000,90.000000,91.679779,-1.678101,0.039566,0.039566
0.746000,90.000000,91.681427,-1.679779,0.039154,0.039154
0.747000,90.000000,91.683060,-1.681427,0.038757,0.038757
0.748000,90.000000,91.684677,-1.683060,0.038361,0.038361
0.749000,90.000000,91.686279,-1.684677,0.037964,0.037964
0.750000,90.000000,91.687866,-1.686279,0.037567,0.037567
0.751000,90.000000,91.689438,-1.687866,0.037170,0.037170
0.752000,90.000000,91.690994,-1.689438,0.036774,0.036774
0.753000,90.000000,91.692535,-1.690994,0.036377,0.036377
0.754000,90.000000,91.694061,-1.692535,0.035995,0.035995
0.755000,90.000000,91.695587,-1.694061,0.035614,0.035614
0.756000,90.000000,91.697098,-1.695587,0.035248,0.035248
0.757000,90.000000,91.698593,-1.697098,0.034866,0.034866
0.758000,90.000000,91.700089,-1.698593,0.034485,0.034485
0.759000,90.000000,91.701569,-1.700089,0.034103,0.034103
0.760000,90.000000,91.703033,-1.701569,0.033722,0.033722
0.761000,90.000000,91.704498,-1.703033,0.033356,0.033356
0.762000,90.000000,91.705948,-1.704498,0.032990,0.032990
0.763000,90.000000,91.707397,-1.705948,0.032623,0.032623
0.764000,90.000000,91.708832,-1.707397,0.032257,0.032257
0.765000,90.000000,91.710266,-1.708832,0.031906,0.031906
0.766000,90.000000,91.711700,-1.710266,0.031540,0.031540
0.767000,90.000000,91.713120,-1.711700,0.031174,0.031174
0.768000,90.000000,91.714539,-1.713120,0.030807,0.030807
0.769000,90.000000,91.715942,-1.714539,0.030457,0.030457
0.770000,90.000000,91.717346,-1.715942,0.030106,0.030106
0.771000,90.000000,91.718750,-1.717346,0.029739,0.029739
0.772000,90.000000,91.720123,-1.718750,0.029373,0.029373
0.773000,90.000000,91.721451,-1.720123,0.029022,0.029022
0.774000,90.000000,91.722748,-1.721451,0.028687,0.028687
0.775000,90.000000,91.724014,-1.722748,0.028351,0.028351
0.776000,90.000000,91.725266,-1.724014,0.028030,0.028030
0.777000,90.000000,91.726486,-1.725266,0.027710,0.027710
0.778000,90.000000,91.727676,-1.726486,0.027390,0.027390
0.779000,90.000000,91.728851,-1.727676,0.027069,0.027069
0.780000,90.000000,91.729996,-1.728851,0.026764,0.026764
0.781000,90.000000,91.731125,-1.729996,0.026459,0.026459
0.782000,90.000000,91.732239,-1.731125,0.026154,0.026154
0.783000,90.000000,91.733337,-1.732239,0.025848,0.025848
0.784000,90.000000,91.734421,-1.733337,0.025543,0.025543
0.785000,90.000000,91.735474,-1.734421,0.025253,0.025253
0.786000,90.000000,91.736511,-1.735474,0.024979,0.024979
0.787000,90.000000,91.737549,-1.736511,0.024704,0.024704
0.788000,90.000000,91.738571,-1.737549,0.024429,0.024429
0.789000,90.000000,91.739578,-1.738571,0.024155,0.024155
0.790000,90.000000,91.740570,-1.739578,0.023880,0.023880
0.791000,90.000000,91.741547,-1.740570,0.023605,0.023605
0.792000,90.000000,91.742523,-1.741547,0.023331,0.023331
0.793000,90.000000,91.743484,-1.742523,0.023056,0.023056
0.794000,90.000000,91.744431,-1.743484,0.022797,0.022797
0.795000,90.000000,91.745377,-1.744431,0.022522,0.022522
0.796000,90.000000,91.746307,-1.745377,0.022263,0.022263
0.797000,90.000000,91.747238,-1.746307,0.022003,0.022003
0.798000,90.000000,91.748154,-1.747238,0.021744,0.021744
0.799000,90.000000,91.749069,-1.748154,0.021484,0.021484
0.800000,90.000000,91.749969,-1.749069,0.021225,0.021225
0.801000,90.000000,91.750870,-1.749969,0.020966,0.020966
0.802000,90.000000,91.751755,-1.750870,0.020721,0.020721
0.803000,90.000000,91.752640,-1.751755,0.020477,0.020477
0.804000,90.000000,91.753525,-1.752640,0.020233,0.020233
0.805000,90.000000,91.754395,-1.753525,0.019974,0.019974
0.806000,90.000000,91.755264,-1.754395,0.019714,0.019714
0.807000,90.000000,91.756134,-1.755264,0.019470,0.019470
0.808000,90.000000,91.757004,-1.756134,0.019226,0.019226
0.809000,90.000000,91.757858,-1.757004,0.018967,0.018967
0.810000,90.000000,91.758713,-1.757858,0.018723,0.018723
0.811000,90.000000,91.759567,-1.758713,0.018478,0.018478
0.812000,90.000000,91.760422,-1.759567,0.018234,0.018234
0.813000,90.000000,91.761261,-1.760422,0.017990,0.017990
0.814000,90.000000,91.762100,-1.761261,0.017746,0.017746
0.815000,90.000000,91.762939,-1.762100,0.017502,0.017502
0.816000,90.000000,91.763779,-1.762939,0.017273,0.017273
0.817000,90.000000,91.764618,-1.763779,0.017029,0.017029
0.818000,90.000000,91.765457,-1.764618,0.016785,0.016785
0.819000,90.000000,91.766281,-1.765457,0.016541,0.016541
0.820000,90.000000,91.767105,-1.766281,0.016312,0.016312
0.821000,90.000000,91.767929,-1.767105,0.016083,0.016083
0.822000,90.000000,91.768753,-1.767929,0.015854,0.015854
0.823000,90.000000,91.769577,-1.768753,0.015625,0.015625
0.824000,90.000000,91.770401,-1.769577,0.015381,0.015381
0.825000,90.000000,91.771225,-1.770401,0.015137,0.015137
0.826000,90.000000,91.772049,-1.771225,0.014893,0.014893
0.827000,90.000000,91.772842,-1.772049,0.014648,0.014648
0.828000,90.000000,91.773605,-1.772842,0.014420,0.014420
0.829000,90.000000,91.774338,-1.773605,0.014191,0.014191
0.830000,90.000000,91.775040,-1.774338,0.013962,0.013962
0.831000,90.000000,91.775711,-1.775040,0.013748,0.013748
0.832000,90.000000,91.776367,-1.775711,0.013535,0.013535
0.833000,90.000000,91.776993,-1.776367,0.013321,0.013321
0.834000,90.000000,91.777603,-1.776993,0.013123,0.013123
0.835000,90.000000,91.778198,-1.777603,0.012939,0.012939
0.836000,90.000000,91.778763,-1.778198,0.012756,0.012756
0.837000,90.000000,91.779312,-1.778763,0.012573,0.012573
0.838000,90.000000,91.779846,-1.779312,0.012390,0.012390
0.839000,90.000000,91.780365,-1.779846,0.012207,0.012207
0.840000,90.000000,91.780869,-1.780365,0.012039,0.012039
0.841000,90.000000,91.781357,-1.780869,0.011871,0.011871
0.842000,90.000000,91.781845,-1.781357,0.011703,0.011703
0.843000,90.000000,91.782318,-1.781845,0.011536,0.011536
0.844000,90.000000,91.782776,-1.782318,0.011368,0.011368
0.845000,90.000000,91.783218,-1.782776,0.011200,0.011200
0.846000,90.000000,91.783661,-1.783218,0.011032,0.011032
0.847000,90.000000,91.784088,-1.783661,0.010864,0.010864
0.848000,90.000000,91.784500,-1.784088,0.010696,0.010696
0.849000,90.000000,91.784912,-1.784500,0.010544,0.010544
0.850000,90.000000,91.785309,-1.784912,0.010376,0.010376
0.851000,90.000000,91.785706,-1.785309,0.010223,0.010223
0.852000,90.000000,91.786087,-1.785706,0.010071,0.010071
0.853000,90.000000,91.786469,-1.786087,0.009933,0.009933
0.854000,90.000000,91.786835,-1.786469,0.009796,0.009796
0.855000,90.000000,91.787201,-1.786835,0.009659,0.009659
0.856000,90.000000,91.787567,-1.787201,0.009521,0.009521
0.857000,90.000000,91.787918,-1.787567,0.009384,0.009384
0.858000,90.000000,91.788269,-1.787918,0.009247,0.009247
0.859000,90.000000,91.788620,-1.788269,0.009094,0.009094
0.860000,90.000000,91.788956,-1.788620,0.008957,0.008957
0.861000,90.000000,91.789291,-1.788956,0.008820,0.008820
0.862000,90.000000,91.789627,-1.789291,0.008682,0.008682
0.863000,90.000000,91.789948,-1.789627,0.008545,0.008545
0.864000,90.000000,91.790268,-1.789948,0.008408,0.008408
0.865000,90.000000,91.790588,-1.790268,0.008270,0.008270
0.866000,90.000000,91.790909,-1.790588,0.008133,0.008133
0.867000,90.000000,91.791229,-1.790909,0.007996,0.007996
0.868000,90.000000,91.791534,-1.791229,0.007874,0.007874
0.869000,90.000000,91.791840,-1.791534,0.007736,0.007736
0.870000,90.000000,91.792145,-1.791840,0.007599,0.007599
0.871000,90.000000,91.792450,-1.792145,0.007462,0.007462
0.872000,90.000000,91.792755,-1.792450,0.007324,0.007324
0.873000,90.000000,91.793060,-1.792755,0.007187,0.007187
0.874000,90.000000,91.793350,-1.793060,0.007050,0.007050
0.875000,90.000000,91.793640,-1.793350,0.006912,0.006912
0.876000,90.000000,91.793930,-1.793640,0.006775,0.006775
0.877000,90.000000,91.794220,-1.793930,0.006638,0.006638
0.878000,90.000000,91.794510,-1.794220,0.006500,0.006500
0.879000,90.000000,91.794800,-1.794510,0.006363,0.006363
0.880000,90.000000,91.795090,-1.794800,0.006241,0.006241
0.881000,90.000000,91.795380,-1.795090,0.006119,0.006119
0.882000,90.000000,91.795670,-1.795380,0.005997,0.005997
0.883000,90.000000,91.795959,-1.795670,0.005875,0.005875
0.884000,90.000000,91.796249,-1.795959,0.005753,0.005753
0.885000,90.000000,91.796524,-1.796249,0.005615,0.005615
0.886000,90.000000,91.796799,-1.796524,0.005478,0.005478
0.887000,90.000000,91.797073,-1.796799,0.005356,0.005356
0.888000,90.000000,91.797348,-1.797073,0.005234,0.005234
0.889000,90.000000,91.797623,-1.797348,0.005096,0.005096
0.890000,90.000000,91.797897,-1.797623,0.004974,0.004974
0.891000,90.000000,91.798172,-1.797897,0.004852,0.004852
0.892000,90.000000,91.798447,-1.798172,0.004715,0.004715
0.893000,90.000000,91.798721,-1.798447,0.004593,0.004593
0.894000,90.000000,91.798996,-1.798721,0.004471,0.004471
0.895000,90.000000,91.799271,-1.798996,0.004349,0.004349
0.896000,90.000000,91.799545,-1.799271,0.004211,0.004211
0.897000,90.000000,91.799820,-1.799545,0.004089,0.004089
0.898000,90.000000,91.800095,-1.799820,0.003967,0.003967
0.899000,90.000000,91.800369,-1.800095,0.003830,0.003830
0.900000,90.000000,91.800644,-1.800369,0.003708,0.003708
0.901000,90.000000,91.800919,-1.800644,0.003586,0.003586
0.902000,90.000000,91.801193,-1.800919,0.003448,0.003448
0.903000,90.000000,91.801468,-1.801193,0.003326,0.003326
0.904000,90.000000,91.801743,-1.801468,0.003204,0.003204
0.905000,90.000000,91.802017,-1.801743,0.003067,0.003067
0.906000,90.000000,91.802292,-1.802017,0.002945,0.002945
0.907000,90.000000,91.802567,-1.802292,0.002823,0.002823
0.908000,90.000000,91.802841,-1.802567,0.002686,0.002686
0.909000,90.000000,91.803116,-1.802841,0.002563,0.002563
0.910000,90.000000,91.803391,-1.803116,0.002441,0.002441
0.911000,90.000000,91.803665,-1.803391,0.002319,0.002319
0.912000,90.000000,91.803925,-1.803665,0.002182,0.002182
0.913000,90.000000,91.804199,-1.803925,0.002060,0.002060
0.914000,90.000000,91.804459,-1.804199,0.001923,0.001923
0.915000,90.000000,91.804718,-1.804459,0.001801,0.001801
0.916000,90.000000,91.804993,-1.804718,0.001678,0.001678
0.917000,90.000000,91.805252,-1.804993,0.001556,0.001556
0.918000,90.000000,91.805527,-1.805252,0.001434,0.001434
0.919000,90.000000,91.805786,-1.805527,0.001297,0.001297
0.920000,90.000000,91.806046,-1.805786,0.001175,0.001175
0.921000,90.000000,91.806320,-1.806046,0.001038,0.001038
0.922000,90.000000,91.806580,-1.806320,0.000916,0.000916
0.923000,90.000000,91.806854,-1.806580,0.000793,0.000793
0.924000,90.000000,91.807114,-1.806854,0.000671,0.000671
0.925000,90.000000,91.807373,-1.807114,0.000549,0.000549
0.926000,90.000000,91.807648,-1.807373,0.000427,0.000427
0.927000,90.000000,91.807907,-1.807648,0.000305,0.000305
0.928000,90.000000,91.808167,-1.807907,0.000168,0.000168
0.929000,90.000000,91.808441,-1.808167,0.000046,0.000046
0.930000,90.000000,91.808685,-1.808441,-0.000092,-0.000092
0.931000,90.000000,91.808914,-1.808685,-0.000214,-0.000214
0.932000,90.000000,91.809113,-1.808914,-0.000336,-0.000336
0.933000,90.000000,91.809280,-1.809113,-0.000458,-0.000458
0.934000,90.000000,91.809418,-1.809280,-0.000565,-0.000565
0.935000,90.000000,91.809540,-1.809418,-0.000671,-0.000671
0.936000,90.000000,91.809631,-1.809540,-0.000763,-0.000763
0.937000,90.000000,91.809708,-1.809631,-0.000854,-0.000854
0.938000,90.000000,91.809769,-1.809708,-0.000946,-0.000946
0.939000,90.000000,91.809799,-1.809769,-0.001038,-0.001038
0.940000,90.000000,91.809814,-1.809799,-0.001114,-0.001114
0.941000,90.000000,91.809814,-1.809814,-0.001190,-0.001190
0.942000,90.000000,91.809799,-1.809814,-0.001251,-0.001251
0.943000,90.000000,91.809769,-1.809799,-0.001312,-0.001312
0.944000,90.000000,91.809723,-1.809769,-0.001389,-0.001389
0.945000,90.000000,91.809677,-1.809723,-0.001450,-0.001450
0.946000,90.000000,91.809616,-1.809677,-0.001511,-0.001511
0.947000,90.000000,91.809540,-1.809616,-0.001572,-0.001572
0.948000,90.000000,91.809448,-1.809540,-0.001617,-0.001617
0.949000,90.000000,91.809357,-1.809448,-0.001663,-0.001663
0.950000,90.000000,91.809250,-1.809357,-0.001709,-0.001709
0.951000,90.000000,91.809128,-1.809250,-0.001770,-0.001770
0.952000,90.000000,91.809006,-1.809128,-0.001816,-0.001816
0.953000,90.000000,91.808868,-1.809006,-0.001862,-0.001862
0.954000,90.000000,91.808731,-1.808868,-0.001892,-0.001892
0.955000,90.000000,91.808578,-1.808731,-0.001938,-0.001938
0.956000,90.000000,91.808426,-1.808578,-0.001984,-0.001984
0.957000,90.000000,91.808273,-1.808426,-0.002029,-0.002029
0.958000,90.000000,91.808105,-1.808273,-0.002060,-0.002060
0.959000,90.000000,91.807938,-1.808105,-0.002090,-0.002090
0.960000,90.000000,91.807755,-1.807938,-0.002121,-0.002121
0.961000,90.000000,91.807571,-1.807755,-0.002151,-0.002151
0.962000,90.000000,91.807388,-1.807571,-0.002182,-0.002182
0.963000,90.000000,91.807190,-1.807388,-0.002228,-0.002228
0.964000,90.000000,91.806992,-1.807190,-0.002258,-0.002258
0.965000,90.000000,91.806793,-1.806992,-0.002289,-0.002289
0.966000,90.000000,91.806595,-1.806793,-0.002319,-0.002319
0.967000,90.000000,91.806381,-1.806595,-0.002350,-0.002350
0.968000,90.000000,91.806168,-1.806381,-0.002380,-0.002380
0.969000,90.000000,91.805954,-1.806168,-0.002411,-0.002411
0.970000,90.000000,91.805740,-1.805954,-0.002426,-0.002426
0.971000,90.000000,91.805527,-1.805740,-0.002441,-0.002441
0.972000,90.000000,91.805298,-1.805527,-0.002472,-0.002472
0.973000,90.000000,91.805069,-1.805298,-0.002487,-0.002487
0.974000,90.000000,91.804840,-1.805069,-0.002502,-0.002502
0.975000,90.000000,91.804611,-1.804840,-0.002518,-0.002518
0.976000,90.000000,91.804382,-1.804611,-0.002533,-0.002533
0.977000,90.000000,91.804153,-1.804382,-0.002548,-0.002548
0.978000,90.000000,91.803925,-1.804153,-0.002563,-0.002563
0.979000,90.000000,91.803696,-1.803925,-0.002594,-0.002594
0.980000,90.000000,91.803452,-1.803696,-0.002625,-0.002625
0.981000,90.000000,91.803207,-1.803452,-0.002655,-0.002655
0.982000,90.000000,91.802963,-1.803207,-0.002670,-0.002670
0.983000,90.000000,91.802719,-1.802963,-0.002686,-0.002686
0.984000,90.000000,91.802475,-1.802719,-0.002701,-0.002701
0.985000,90.000000,91.802231,-1.802475,-0.002731,-0.002731
0.986000,90.000000,91.801987,-1.802231,-0.002747,-0.002747
0.987000,90.000000,91.801743,-1.801987,-0.002762,-0.002762
0.988000,90.000000,91.801498,-1.801743,-0.002792,-0.002792
0.989000,90.000000,91.801254,-1.801498,-0.002808,-0.002808
0.990000,90.000000,91.801010,-1.801254,-0.002823,-0.002823
0.991000,90.000000,91.800751,-1.801010,-0.002838,-0.002838
0.992000,90.000000,91.800491,-1.800751,-0.002853,-0.002853
0.993000,90.000000,91.800232,-1.800491,-0.002869,-0.002869
0.994000,90.000000,91.799973,-1.800232,-0.002884,-0.002884
0.995000,90.000000,91.799713,-1.799973,-0.002899,-0.002899
0.996000,90.000000,91.799454,-1.799713,-0.002914,-0.002914
0.997000,90.000000,91.799194,-1.799454,-0.002930,-0.002930
0.998000,90.000000,91.798935,-1.799194,-0.002945,-0.002945
0.999000,90.000000,91.798676,-1.798935,-0.002960,-0.002960
